source_battery_id,cycle_number,timestamp,ambient_temperature,voltage_mean,voltage_std,voltage_min,voltage_max,current_mean,current_std,current_load_mean,temperature_mean,temperature_std,temperature_rise_rate,internal_resistance,capacity
CALCE_000,1,2026-01-01T00:01:00,22.232,3.7236,0.0635,3.4892,4.0787,-1.8125,0.1012,-1.7281,25.0214,1.3106,0.379,0.02475,2.07657
CALCE_000,2,2026-01-01T00:02:00,22.204,3.7089,0.0662,3.4006,4.1506,-1.7683,0.1136,-1.7345,26.8289,1.4346,0.2835,0.01645,2.091
CALCE_000,3,2026-01-01T00:03:00,26.037,3.7307,0.0646,3.4536,4.1673,-1.8194,0.1221,-1.6671,25.4741,1.6447,0.7196,0.02557,2.1074
CALCE_000,4,2026-01-01T00:04:00,22.279,3.6789,0.0516,3.4233,4.0801,-1.8355,0.1254,-1.7135,24.4807,1.3838,0.4403,0.02905,2.05754
CALCE_000,5,2026-01-01T00:05:00,26.091,3.6671,0.0646,3.4163,4.1079,-1.7217,0.1256,-1.6943,25.7385,1.6371,0.8984,0.01844,2.09192
CALCE_000,6,2026-01-01T00:06:00,23.155,3.6768,0.0542,3.4943,4.1576,-1.8297,0.1262,-1.7104,26.6582,1.4835,0.4384,0.0187,2.05321
CALCE_000,7,2026-01-01T00:07:00,22.627,3.7085,0.068,3.4399,4.0919,-1.7204,0.1204,-1.7409,23.1885,1.3439,0.7647,0.02688,2.08321
CALCE_000,8,2026-01-01T00:08:00,20.635,3.6882,0.0699,3.4529,4.1671,-1.7423,0.1005,-1.6779,25.7268,1.5148,0.4401,0.02461,2.07311
CALCE_000,9,2026-01-01T00:09:00,24.348,3.6954,0.0691,3.4876,4.0963,-1.7999,0.1071,-1.6587,26.4821,1.4194,0.7751,0.02413,2.05272
CALCE_000,10,2026-01-01T00:10:00,27.625,3.7039,0.0656,3.453,4.0701,-1.8281,0.1008,-1.6571,26.5149,1.6327,0.4768,0.01587,2.05345
CALCE_000,11,2026-01-01T00:11:00,29.469,3.6586,0.0597,3.4069,4.1461,-1.7575,0.1051,-1.7025,25.1992,1.406,0.9852,0.02135,2.09521
CALCE_000,12,2026-01-01T00:12:00,25.393,3.723,0.054,3.4312,4.1695,-1.776,0.1175,-1.6982,23.484,1.3899,0.5043,0.02382,2.05349
CALCE_000,13,2026-01-01T00:13:00,22.202,3.6571,0.0626,3.4229,4.1605,-1.7425,0.1028,-1.7262,25.6759,1.3857,0.3191,0.02903,2.05285
CALCE_000,14,2026-01-01T00:14:00,24.727,3.7285,0.0661,3.419,4.0797,-1.811,0.1169,-1.7033,25.9163,1.5693,1.0857,0.01648,2.07156
CALCE_000,15,2026-01-01T00:15:00,23.393,3.7362,0.055,3.419,4.1149,-1.8125,0.1111,-1.725,26.6931,1.4773,0.9752,0.02325,2.05972
CALCE_000,16,2026-01-01T00:16:00,29.993,3.7336,0.0694,3.4926,4.1549,-1.8534,0.1194,-1.7286,24.6042,1.3235,0.5411,0.02978,2.03685
CALCE_000,17,2026-01-01T00:17:00,27.841,3.6955,0.0585,3.4957,4.1695,-1.7911,0.1287,-1.7345,24.1868,1.6875,0.7213,0.02313,2.04799
CALCE_000,18,2026-01-01T00:18:00,20.572,3.7084,0.0601,3.4853,4.0857,-1.7263,0.1032,-1.7314,25.3801,1.5701,0.4117,0.0168,2.07522
CALCE_000,19,2026-01-01T00:19:00,22.462,3.7095,0.0624,3.4419,4.1284,-1.7964,0.1374,-1.7296,25.8648,1.3955,0.5562,0.02508,2.08203
CALCE_000,20,2026-01-01T00:20:00,23.162,3.7252,0.0515,3.4458,4.1698,-1.7206,0.1029,-1.7287,24.0608,1.6733,0.9928,0.02819,2.04488
CALCE_000,21,2026-01-01T00:21:00,21.577,3.7334,0.0641,3.4612,4.1687,-1.7754,0.1003,-1.6683,24.1975,1.5654,1.045,0.01701,2.04731
CALCE_000,22,2026-01-01T00:22:00,21.07,3.7053,0.0554,3.4605,4.1418,-1.8474,0.1254,-1.7236,24.9541,1.6621,0.9615,0.01638,2.03034
CALCE_000,23,2026-01-01T00:23:00,22.767,3.6504,0.0654,3.4637,4.0962,-1.7614,0.1221,-1.7072,23.0387,1.3301,0.9948,0.02856,2.0471
CALCE_000,24,2026-01-01T00:24:00,28.346,3.7083,0.053,3.4127,4.1008,-1.7362,0.1318,-1.6639,26.5957,1.384,0.4246,0.01654,2.05269
CALCE_000,25,2026-01-01T00:25:00,28.841,3.6906,0.0624,3.4155,4.163,-1.7417,0.139,-1.6689,26.5257,1.3099,0.8629,0.01998,2.06504
CALCE_000,26,2026-01-01T00:26:00,28.022,3.7364,0.0662,3.4267,4.1487,-1.8627,0.1349,-1.6641,23.8897,1.6266,0.6143,0.01958,2.07235
CALCE_000,27,2026-01-01T00:27:00,22.276,3.6524,0.0539,3.4328,4.1564,-1.7253,0.1112,-1.6859,24.5987,1.6925,0.6826,0.02909,2.0625
CALCE_000,28,2026-01-01T00:28:00,29.704,3.6679,0.0693,3.4265,4.0808,-1.8105,0.1291,-1.7186,25.4248,1.5046,0.5467,0.02365,2.01998
CALCE_000,29,2026-01-01T00:29:00,27.088,3.6502,0.0685,3.4538,4.1419,-1.7613,0.1268,-1.7136,23.2799,1.5657,0.4972,0.01971,2.02662
CALCE_000,30,2026-01-01T00:30:00,27.198,3.68,0.0562,3.4408,4.1102,-1.8327,0.1051,-1.708,26.7615,1.5709,1.0125,0.02423,2.0605
CALCE_000,31,2026-01-01T00:31:00,25.479,3.65,0.0557,3.443,4.128,-1.7752,0.1186,-1.7058,23.8548,1.4893,1.0111,0.02694,2.02596
CALCE_000,32,2026-01-01T00:32:00,20.848,3.7015,0.0627,3.4335,4.1518,-1.7598,0.1269,-1.7275,23.7965,1.3098,0.4204,0.02213,2.01637
CALCE_000,33,2026-01-01T00:33:00,20.728,3.6914,0.0626,3.4194,4.1396,-1.8009,0.1098,-1.6844,23.0222,1.6004,0.893,0.0166,2.05545
CALCE_000,34,2026-01-01T00:34:00,21.759,3.7458,0.0604,3.405,4.0949,-1.7443,0.1183,-1.6699,25.6703,1.6952,0.7359,0.02925,2.02827
CALCE_000,35,2026-01-01T00:35:00,26.127,3.7219,0.0601,3.4831,4.1248,-1.7364,0.1297,-1.7025,24.0368,1.3989,0.7739,0.02649,2.05453
CALCE_000,36,2026-01-01T00:36:00,26.267,3.6775,0.0515,3.4286,4.0972,-1.8288,0.1216,-1.7362,23.925,1.5776,0.8358,0.01596,2.03061
CALCE_000,37,2026-01-01T00:37:00,25.426,3.6916,0.0541,3.442,4.1605,-1.7865,0.1278,-1.6643,26.0624,1.4522,0.2053,0.02028,2.02208
CALCE_000,38,2026-01-01T00:38:00,28.534,3.7453,0.0584,3.4748,4.1246,-1.7835,0.1088,-1.7281,24.7433,1.3116,0.5025,0.02519,2.04113
CALCE_000,39,2026-01-01T00:39:00,21.65,3.6967,0.0526,3.4622,4.0727,-1.817,0.1226,-1.7473,25.571,1.3543,0.6155,0.01575,2.01847
CALCE_000,40,2026-01-01T00:40:00,22.117,3.6827,0.0652,3.4379,4.1452,-1.7469,0.1101,-1.7418,23.0775,1.5158,1.0999,0.02025,2.01525
CALCE_000,41,2026-01-01T00:41:00,27.812,3.7152,0.0651,3.495,4.0899,-1.8767,0.1061,-1.7374,25.6778,1.5256,0.3962,0.02549,2.02981
CALCE_000,42,2026-01-01T00:42:00,21.678,3.7107,0.065,3.4115,4.1519,-1.7256,0.1043,-1.7474,24.2478,1.5709,1.0624,0.02095,2.03512
CALCE_000,43,2026-01-01T00:43:00,20.76,3.7191,0.0625,3.4102,4.1472,-1.744,0.124,-1.7379,26.9354,1.6131,0.5125,0.02143,2.0303
CALCE_000,44,2026-01-01T00:44:00,25.06,3.6841,0.067,3.4822,4.0806,-1.7263,0.1254,-1.6671,25.8292,1.4742,0.8604,0.02948,2.00794
CALCE_000,45,2026-01-01T00:45:00,28.082,3.7038,0.0597,3.4436,4.1431,-1.8371,0.1341,-1.6669,23.3467,1.6527,0.4195,0.02197,2.00021
CALCE_000,46,2026-01-01T00:46:00,23.79,3.6529,0.067,3.4182,4.0912,-1.7523,0.1136,-1.662,25.8047,1.4105,0.2091,0.02922,2.01893
CALCE_000,47,2026-01-01T00:47:00,27.201,3.6989,0.0652,3.4691,4.1346,-1.8015,0.1317,-1.7407,23.8864,1.5767,0.4756,0.02372,1.98575
CALCE_000,48,2026-01-01T00:48:00,25.309,3.6926,0.0649,3.4331,4.1403,-1.8367,0.1101,-1.7379,23.7703,1.3478,0.6823,0.02643,2.00732
CALCE_000,49,2026-01-01T00:49:00,22.164,3.6984,0.0645,3.4977,4.1225,-1.8347,0.104,-1.7306,23.9099,1.3718,0.2127,0.02301,1.98834
CALCE_000,50,2026-01-01T00:50:00,29.743,3.7053,0.0639,3.4126,4.1568,-1.8015,0.1349,-1.6926,24.8776,1.4762,0.3659,0.01577,1.992
CALCE_000,51,2026-01-01T00:51:00,24.777,3.7322,0.058,3.4074,4.1329,-1.8714,0.106,-1.6937,24.2153,1.6976,0.3066,0.02647,2.03031
CALCE_000,52,2026-01-01T00:52:00,27.907,3.6726,0.0605,3.4451,4.1143,-1.7424,0.1396,-1.7195,25.4841,1.5439,0.8661,0.02921,2.00854
CALCE_000,53,2026-01-01T00:53:00,22.11,3.716,0.0531,3.4174,4.0775,-1.8796,0.118,-1.6906,24.165,1.3926,0.8363,0.02554,1.98294
CALCE_000,54,2026-01-01T00:54:00,26.874,3.7424,0.0658,3.4625,4.1361,-1.7306,0.117,-1.6955,25.5905,1.6634,0.944,0.01607,1.99603
CALCE_000,55,2026-01-01T00:55:00,23.076,3.7249,0.0614,3.4289,4.0824,-1.7698,0.128,-1.6557,25.0019,1.4975,0.2724,0.0156,1.97706
CALCE_000,56,2026-01-01T00:56:00,23.223,3.675,0.0518,3.4962,4.1536,-1.788,0.138,-1.65,25.6891,1.4078,0.2362,0.02634,1.99135
CALCE_000,57,2026-01-01T00:57:00,26.515,3.7416,0.0536,3.4585,4.1335,-1.8013,0.1036,-1.7152,24.3332,1.5681,0.972,0.01995,1.99198
CALCE_000,58,2026-01-01T00:58:00,22.882,3.7445,0.0663,3.455,4.1155,-1.8297,0.1129,-1.653,24.6167,1.5058,1.0893,0.02486,2.00369
CALCE_000,59,2026-01-01T00:59:00,24.132,3.6688,0.0572,3.4756,4.1325,-1.7584,0.1081,-1.6951,26.7107,1.4752,0.8284,0.01682,1.99294
CALCE_000,60,2026-01-01T00:00:00,26.089,3.6739,0.0532,3.4551,4.1252,-1.8651,0.1397,-1.6587,24.8458,1.347,0.9489,0.02248,2.0171
CALCE_000,61,2026-01-01T00:01:00,25.089,3.6773,0.0667,3.498,4.0944,-1.7918,0.1153,-1.6578,25.033,1.6517,0.9776,0.01914,2.00003
CALCE_000,62,2026-01-01T00:02:00,24.149,3.7434,0.0602,3.4821,4.0983,-1.8322,0.1235,-1.6501,24.9586,1.3594,0.6847,0.02018,2.00276
CALCE_000,63,2026-01-01T00:03:00,25.434,3.6955,0.0564,3.4189,4.1397,-1.7885,0.1093,-1.6724,23.1746,1.5979,0.8347,0.02717,1.98681
CALCE_000,64,2026-01-01T00:04:00,26.637,3.7321,0.0696,3.4495,4.0737,-1.7996,0.1236,-1.663,26.4968,1.4761,0.6734,0.02185,1.97519
CALCE_000,65,2026-01-01T00:05:00,24.1,3.7155,0.0531,3.4469,4.1669,-1.8258,0.1277,-1.685,26.4071,1.6409,0.9734,0.0207,1.9937
CALCE_000,66,2026-01-01T00:06:00,27.187,3.7259,0.0674,3.4036,4.0768,-1.779,0.1368,-1.6503,25.9871,1.4736,0.2886,0.02451,1.96768
CALCE_000,67,2026-01-01T00:07:00,24.437,3.7194,0.0681,3.4046,4.1496,-1.8331,0.115,-1.7354,25.1247,1.5264,0.9133,0.01755,1.99937
CALCE_000,68,2026-01-01T00:08:00,28.708,3.712,0.0548,3.4913,4.0843,-1.8062,0.1102,-1.7245,23.0376,1.6219,1.0111,0.02516,1.95009
CALCE_000,69,2026-01-01T00:09:00,24.417,3.6846,0.0618,3.4639,4.1124,-1.84,0.1338,-1.7301,24.5388,1.4933,0.4135,0.02358,1.95317
CALCE_000,70,2026-01-01T00:10:00,29.927,3.6795,0.0696,3.4658,4.0974,-1.7895,0.1274,-1.6755,23.1962,1.5426,0.6471,0.02856,1.97652
CALCE_000,71,2026-01-01T00:11:00,27.989,3.7107,0.057,3.4637,4.1321,-1.7716,0.1288,-1.6841,26.3533,1.5513,1.0131,0.0247,1.95754
CALCE_000,72,2026-01-01T00:12:00,24.408,3.708,0.0646,3.409,4.0995,-1.7604,0.107,-1.7368,25.1576,1.6886,0.6778,0.0287,1.95724
CALCE_000,73,2026-01-01T00:13:00,22.57,3.7325,0.0596,3.4806,4.1447,-1.8258,0.1046,-1.6537,23.563,1.6866,0.9741,0.02586,1.98688
CALCE_000,74,2026-01-01T00:14:00,29.673,3.7305,0.0573,3.4791,4.0714,-1.7941,0.1182,-1.6827,25.6894,1.5338,0.9402,0.0291,1.99419
CALCE_000,75,2026-01-01T00:15:00,22.338,3.6525,0.0677,3.4561,4.1615,-1.8446,0.1025,-1.6676,26.6376,1.4209,0.5675,0.0171,1.94024
CALCE_000,76,2026-01-01T00:16:00,23.044,3.6993,0.0519,3.4887,4.0836,-1.8074,0.1268,-1.6757,26.7839,1.4677,0.868,0.01732,1.98886
CALCE_000,77,2026-01-01T00:17:00,20.99,3.6989,0.0582,3.4952,4.0733,-1.8207,0.1177,-1.6549,26.4218,1.3397,0.8171,0.02317,1.95532
CALCE_000,78,2026-01-01T00:18:00,23.587,3.6898,0.0538,3.4122,4.1548,-1.8072,0.1265,-1.6858,25.3886,1.3085,0.9081,0.01865,1.98745
CALCE_000,79,2026-01-01T00:19:00,25.646,3.6569,0.0653,3.4207,4.0916,-1.7408,0.1131,-1.7352,26.6021,1.3011,0.9726,0.01717,1.93469
CALCE_000,80,2026-01-01T00:20:00,22.507,3.6674,0.0632,3.4026,4.0715,-1.7536,0.1095,-1.7176,23.697,1.321,0.8675,0.02289,1.93328
CALCE_001,1,2026-01-01T00:01:00,25.132,3.6609,0.0601,3.4945,4.0743,-1.7547,0.1347,-1.6979,24.8322,1.6856,0.2547,0.02218,2.13697
CALCE_001,2,2026-01-01T00:02:00,26.861,3.699,0.0682,3.4073,4.0781,-1.7827,0.1026,-1.7225,25.5323,1.5193,0.4927,0.02992,2.11097
CALCE_001,3,2026-01-01T00:03:00,24.537,3.7105,0.052,3.4702,4.1553,-1.7759,0.1308,-1.6779,23.8601,1.4806,0.4056,0.02008,2.1153
CALCE_001,4,2026-01-01T00:04:00,24.16,3.6595,0.0585,3.4665,4.1074,-1.8556,0.1369,-1.7433,26.3271,1.3373,0.2869,0.02608,2.10728
CALCE_001,5,2026-01-01T00:05:00,25.564,3.7086,0.0612,3.433,4.0822,-1.8234,0.1266,-1.675,26.4724,1.5884,1.0716,0.02401,2.12538
CALCE_001,6,2026-01-01T00:06:00,25.779,3.6713,0.0631,3.4224,4.0808,-1.7447,0.1147,-1.6737,25.2964,1.6229,0.9606,0.02962,2.09439
CALCE_001,7,2026-01-01T00:07:00,26.136,3.7143,0.0505,3.4929,4.1529,-1.8372,0.1072,-1.6797,24.2359,1.4359,0.2055,0.02805,2.11901
CALCE_001,8,2026-01-01T00:08:00,24.008,3.6642,0.0627,3.4031,4.1446,-1.8456,0.1168,-1.7159,24.4802,1.5886,0.8992,0.02351,2.10051
CALCE_001,9,2026-01-01T00:09:00,20.526,3.6657,0.0624,3.4674,4.0972,-1.7741,0.1194,-1.7058,24.0927,1.602,0.3024,0.02145,2.06825
CALCE_001,10,2026-01-01T00:10:00,26.785,3.6987,0.0633,3.4045,4.1095,-1.7841,0.1003,-1.7199,23.8449,1.3549,0.43,0.01992,2.07678
CALCE_001,11,2026-01-01T00:11:00,27.47,3.6676,0.0576,3.4704,4.12,-1.7467,0.1322,-1.7428,26.4471,1.3169,0.2169,0.02882,2.05689
CALCE_001,12,2026-01-01T00:12:00,25.758,3.7073,0.0642,3.4418,4.0815,-1.8767,0.113,-1.6699,25.4725,1.6328,1.0278,0.01632,2.1048
CALCE_001,13,2026-01-01T00:13:00,22.433,3.7089,0.0605,3.4396,4.101,-1.8257,0.1133,-1.7332,25.0419,1.3456,0.659,0.02859,2.10039
CALCE_001,14,2026-01-01T00:14:00,27.274,3.7319,0.0663,3.4236,4.0846,-1.8484,0.1241,-1.674,25.622,1.3709,0.8956,0.02241,2.06734
CALCE_001,15,2026-01-01T00:15:00,27.599,3.6949,0.0685,3.4564,4.1335,-1.7801,0.1346,-1.6873,23.6038,1.3273,0.598,0.01954,2.08831
CALCE_001,16,2026-01-01T00:16:00,20.562,3.7007,0.0562,3.4452,4.0757,-1.7469,0.1031,-1.6636,26.4212,1.546,0.6564,0.02194,2.05618
CALCE_001,17,2026-01-01T00:17:00,27.918,3.7396,0.059,3.481,4.1352,-1.8286,0.119,-1.7349,23.2475,1.3414,1.0092,0.02015,2.06963
CALCE_001,18,2026-01-01T00:18:00,25.045,3.6673,0.055,3.4438,4.1139,-1.7964,0.1063,-1.7127,24.1316,1.4635,0.5045,0.02397,2.07591
CALCE_001,19,2026-01-01T00:19:00,26.473,3.6566,0.0519,3.4678,4.0984,-1.7642,0.1263,-1.6594,26.4931,1.4333,0.7245,0.01712,2.07709
CALCE_001,20,2026-01-01T00:20:00,29.677,3.7198,0.0578,3.4595,4.1638,-1.8305,0.1151,-1.6708,26.2527,1.568,0.9461,0.02608,2.04741
CALCE_001,21,2026-01-01T00:21:00,25.264,3.7146,0.0585,3.4362,4.1063,-1.8512,0.1086,-1.6552,24.9451,1.3906,0.3238,0.01616,2.06424
CALCE_001,22,2026-01-01T00:22:00,21.011,3.7271,0.0667,3.4884,4.0738,-1.8261,0.1307,-1.7369,24.5069,1.3649,0.9482,0.02657,2.07048
CALCE_001,23,2026-01-01T00:23:00,21.655,3.6938,0.0582,3.4676,4.0938,-1.8089,0.1114,-1.6751,24.7957,1.5136,0.4785,0.02713,2.06506
CALCE_001,24,2026-01-01T00:24:00,28.351,3.6868,0.0689,3.4984,4.1162,-1.8349,0.1153,-1.6973,26.8651,1.6268,0.9211,0.01708,2.04136
CALCE_001,25,2026-01-01T00:25:00,26.412,3.7374,0.0611,3.4103,4.1546,-1.7438,0.1114,-1.6737,24.0912,1.6621,0.3326,0.02156,2.02494
CALCE_001,26,2026-01-01T00:26:00,22.22,3.6951,0.057,3.4027,4.0753,-1.7997,0.1094,-1.6505,24.4997,1.3113,1.0377,0.02759,2.06344
CALCE_001,27,2026-01-01T00:27:00,27.914,3.6638,0.0557,3.483,4.1396,-1.8578,0.1282,-1.7051,23.021,1.3317,0.4303,0.02752,2.04238
CALCE_001,28,2026-01-01T00:28:00,27.272,3.7028,0.0522,3.4288,4.1001,-1.8724,0.1168,-1.6706,24.8285,1.3443,1.0146,0.02395,2.03304
CALCE_001,29,2026-01-01T00:29:00,25.154,3.6742,0.0529,3.4429,4.1315,-1.8415,0.1167,-1.6836,23.3425,1.6899,0.2609,0.02289,1.99783
CALCE_001,30,2026-01-01T00:30:00,29.883,3.7054,0.0578,3.447,4.1336,-1.723,0.1101,-1.7484,26.1541,1.4379,0.8596,0.02442,2.02403
CALCE_001,31,2026-01-01T00:31:00,27.352,3.6833,0.0509,3.4546,4.1514,-1.852,0.1312,-1.7035,25.7816,1.5527,0.9303,0.01595,2.03662
CALCE_001,32,2026-01-01T00:32:00,24.577,3.6793,0.0509,3.4199,4.0742,-1.7307,0.1206,-1.6511,25.1721,1.4013,0.878,0.01787,2.03365
CALCE_001,33,2026-01-01T00:33:00,27.808,3.7366,0.0566,3.4124,4.1068,-1.7377,0.1297,-1.6605,24.5466,1.6895,0.6466,0.02246,2.00526
CALCE_001,34,2026-01-01T00:34:00,25.193,3.7301,0.0645,3.4079,4.1302,-1.7484,0.1218,-1.7179,23.3203,1.5644,0.4758,0.02404,2.03606
CALCE_001,35,2026-01-01T00:35:00,26.898,3.6852,0.0508,3.487,4.1053,-1.7203,0.111,-1.652,26.7916,1.33,0.7738,0.02045,2.00293
CALCE_001,36,2026-01-01T00:36:00,26.794,3.7453,0.0529,3.4608,4.1481,-1.8744,0.1027,-1.6721,24.4653,1.4531,0.7105,0.02408,2.0222
CALCE_001,37,2026-01-01T00:37:00,29.488,3.6872,0.0653,3.4574,4.1229,-1.8163,0.126,-1.725,23.4538,1.5943,0.6491,0.0208,2.01166
CALCE_001,38,2026-01-01T00:38:00,22.618,3.676,0.0589,3.4996,4.0986,-1.7334,0.1196,-1.7377,26.4113,1.4808,1.0088,0.02168,2.0014
CALCE_001,39,2026-01-01T00:39:00,26.819,3.7346,0.0564,3.4347,4.0765,-1.7933,0.1357,-1.6649,25.8472,1.6709,0.7739,0.02691,1.96975
CALCE_001,40,2026-01-01T00:40:00,21.214,3.6701,0.0528,3.479,4.0726,-1.7914,0.1148,-1.6696,25.2066,1.5448,0.2776,0.01964,1.9918
CALCE_001,41,2026-01-01T00:41:00,27.189,3.7026,0.0654,3.4823,4.0774,-1.7244,0.1257,-1.705,25.7204,1.4378,0.9902,0.0267,2.01805
CALCE_001,42,2026-01-01T00:42:00,21.82,3.7466,0.0587,3.4911,4.0755,-1.8601,0.1061,-1.7335,24.2906,1.5837,0.5114,0.02911,1.99326
CALCE_001,43,2026-01-01T00:43:00,28.459,3.6751,0.0627,3.4551,4.0825,-1.8315,0.1213,-1.6997,23.6745,1.6766,0.3388,0.02488,2.00538
CALCE_001,44,2026-01-01T00:44:00,26.051,3.7343,0.0613,3.4825,4.0728,-1.8727,0.1257,-1.6923,25.6045,1.6068,0.5749,0.02458,1.99173
CALCE_001,45,2026-01-01T00:45:00,26.272,3.679,0.0691,3.4483,4.1505,-1.7704,0.1119,-1.7427,23.2397,1.4758,0.6358,0.01806,1.9752
CALCE_001,46,2026-01-01T00:46:00,23.126,3.7218,0.0647,3.4861,4.1675,-1.8591,0.1148,-1.6938,24.2765,1.4866,0.4407,0.01872,1.97854
CALCE_001,47,2026-01-01T00:47:00,22.902,3.6884,0.0623,3.4248,4.1565,-1.8544,0.1131,-1.6922,24.2509,1.6052,0.6484,0.02272,1.94477
CALCE_001,48,2026-01-01T00:48:00,23.085,3.6523,0.0689,3.4505,4.1667,-1.8456,0.1141,-1.7449,24.9796,1.6529,0.7888,0.02206,1.96572
CALCE_001,49,2026-01-01T00:49:00,28.472,3.6931,0.0676,3.4728,4.1464,-1.8215,0.116,-1.693,23.7786,1.5213,0.2662,0.02256,1.96484
CALCE_001,50,2026-01-01T00:50:00,22.797,3.7489,0.0636,3.4119,4.1675,-1.817,0.1318,-1.7161,26.7558,1.602,0.3792,0.02264,1.97534
CALCE_001,51,2026-01-01T00:51:00,20.453,3.6637,0.0567,3.4474,4.1157,-1.783,0.1206,-1.7172,25.4523,1.365,1.0916,0.02609,1.95633
CALCE_001,52,2026-01-01T00:52:00,23.364,3.7328,0.0606,3.4709,4.1,-1.7495,0.1147,-1.6826,26.9196,1.5335,0.9171,0.02588,1.94114
CALCE_001,53,2026-01-01T00:53:00,20.266,3.6975,0.0693,3.4783,4.1476,-1.7876,0.1289,-1.6916,23.682,1.5516,0.7578,0.02762,1.96132
CALCE_001,54,2026-01-01T00:54:00,26.807,3.6532,0.069,3.411,4.0719,-1.8298,0.1061,-1.6809,24.6415,1.61,1.0285,0.02809,1.92577
CALCE_001,55,2026-01-01T00:55:00,20.623,3.6638,0.0541,3.4325,4.1362,-1.7959,0.1126,-1.7327,26.6485,1.4369,0.5189,0.02658,1.95792
CALCE_001,56,2026-01-01T00:56:00,26.433,3.7193,0.0622,3.4192,4.0947,-1.7907,0.109,-1.6527,24.1905,1.4156,0.3866,0.02557,1.9539
CALCE_001,57,2026-01-01T00:57:00,23.488,3.7434,0.0659,3.4273,4.0822,-1.7717,0.1152,-1.652,26.2735,1.6818,0.9242,0.01936,1.92655
CALCE_001,58,2026-01-01T00:58:00,27.141,3.6846,0.0588,3.4256,4.1179,-1.8477,0.1215,-1.6567,25.7847,1.3549,0.7541,0.0238,1.92167
CALCE_001,59,2026-01-01T00:59:00,26.698,3.7031,0.0628,3.4052,4.1113,-1.7652,0.104,-1.6729,23.0207,1.5201,1.0362,0.0211,1.91585
CALCE_001,60,2026-01-01T00:00:00,28.784,3.6977,0.054,3.4964,4.1021,-1.7767,0.1363,-1.7411,25.2965,1.5141,0.8508,0.02905,1.95429
CALCE_001,61,2026-01-01T00:01:00,21.751,3.7382,0.0535,3.492,4.1697,-1.8165,0.1198,-1.6563,26.8485,1.6704,0.9891,0.01514,1.94988
CALCE_001,62,2026-01-01T00:02:00,21.073,3.7483,0.0557,3.4989,4.1243,-1.801,0.1375,-1.6649,24.8721,1.3771,0.3014,0.01744,1.92607
CALCE_001,63,2026-01-01T00:03:00,22.573,3.6686,0.0647,3.4791,4.1268,-1.7588,0.107,-1.6644,26.5882,1.6308,0.6638,0.0163,1.91644
CALCE_001,64,2026-01-01T00:04:00,21.848,3.6641,0.0565,3.4248,4.0961,-1.8423,0.1302,-1.6546,24.2078,1.5892,0.2103,0.02481,1.92597
CALCE_001,65,2026-01-01T00:05:00,20.621,3.6618,0.0561,3.4405,4.1203,-1.7368,0.1281,-1.7189,23.4697,1.6665,0.4655,0.02422,1.9243
CALCE_001,66,2026-01-01T00:06:00,21.336,3.6653,0.065,3.4606,4.1116,-1.7921,0.1188,-1.6962,25.6564,1.3874,0.4227,0.02632,1.89281
CALCE_001,67,2026-01-01T00:07:00,20.819,3.6947,0.0641,3.4078,4.1264,-1.8701,0.1219,-1.6995,25.2908,1.3599,0.4953,0.02281,1.92898
CALCE_001,68,2026-01-01T00:08:00,22.054,3.7083,0.0518,3.451,4.1509,-1.8075,0.1205,-1.7043,23.2309,1.485,0.9262,0.02585,1.8805
CALCE_001,69,2026-01-01T00:09:00,28.165,3.7246,0.0616,3.4045,4.1045,-1.8698,0.1398,-1.6565,23.2761,1.6735,0.2286,0.02113,1.89422
CALCE_001,70,2026-01-01T00:10:00,27.658,3.7478,0.0629,3.442,4.1693,-1.8188,0.1348,-1.6593,24.5026,1.5731,0.7956,0.02309,1.91354
CALCE_001,71,2026-01-01T00:11:00,23.478,3.6678,0.0607,3.4529,4.1428,-1.8444,0.1001,-1.7477,24.1935,1.5694,0.69,0.02298,1.90356
CALCE_001,72,2026-01-01T00:12:00,22.475,3.6846,0.0555,3.4937,4.1425,-1.8619,0.1324,-1.7081,26.0642,1.6535,0.2141,0.01809,1.91071
CALCE_001,73,2026-01-01T00:13:00,20.336,3.7098,0.0641,3.4049,4.1441,-1.8156,0.1094,-1.7283,26.4549,1.3226,0.6535,0.01934,1.86432
CALCE_001,74,2026-01-01T00:14:00,27.315,3.6819,0.062,3.4673,4.1021,-1.8317,0.1057,-1.684,23.8842,1.4202,0.2549,0.02923,1.90417
CALCE_001,75,2026-01-01T00:15:00,29.116,3.7126,0.0585,3.4496,4.1672,-1.7293,0.1269,-1.6714,24.2749,1.4665,0.3343,0.02065,1.90498
CALCE_001,76,2026-01-01T00:16:00,24.735,3.7349,0.056,3.4708,4.1506,-1.7336,0.1225,-1.6532,25.2291,1.3536,0.4186,0.01805,1.89443
CALCE_001,77,2026-01-01T00:17:00,29.222,3.7347,0.0518,3.4725,4.089,-1.837,0.1269,-1.6897,26.4945,1.3753,0.8855,0.02586,1.88495
CALCE_001,78,2026-01-01T00:18:00,24.794,3.7369,0.0567,3.4957,4.0715,-1.7301,0.1385,-1.7383,26.9983,1.4916,0.4183,0.02407,1.87666
CALCE_001,79,2026-01-01T00:19:00,29.151,3.7052,0.0655,3.4381,4.1234,-1.8225,0.1105,-1.6987,24.9891,1.3394,1.0832,0.02204,1.85239
CALCE_001,80,2026-01-01T00:20:00,29.143,3.6871,0.0583,3.4563,4.0921,-1.8567,0.1104,-1.6565,25.3166,1.467,0.3372,0.01995,1.88749
CALCE_002,1,2026-01-01T00:01:00,26.546,3.7185,0.0551,3.4822,4.1667,-1.7773,0.1196,-1.7332,26.1799,1.3677,0.8483,0.02232,2.00945
CALCE_002,2,2026-01-01T00:02:00,25.421,3.7142,0.0512,3.4034,4.1547,-1.7288,0.1267,-1.6736,24.6496,1.637,0.4083,0.02561,2.03006
CALCE_002,3,2026-01-01T00:03:00,25.057,3.6873,0.0624,3.4667,4.1317,-1.8027,0.1195,-1.7493,25.2066,1.3047,0.6765,0.01912,1.97115
CALCE_002,4,2026-01-01T00:04:00,20.171,3.7313,0.0635,3.4806,4.161,-1.8629,0.1039,-1.7351,23.7677,1.5106,0.9337,0.01901,2.02482
CALCE_002,5,2026-01-01T00:05:00,23.731,3.6906,0.0613,3.499,4.0926,-1.7706,0.1339,-1.6846,26.4329,1.6038,0.2842,0.02069,1.98557
CALCE_002,6,2026-01-01T00:06:00,20.561,3.6509,0.0534,3.45,4.1134,-1.7545,0.1226,-1.6642,23.3814,1.5113,0.2383,0.01817,1.99051
CALCE_002,7,2026-01-01T00:07:00,28.876,3.6976,0.0509,3.4074,4.1626,-1.7361,0.1225,-1.7467,26.7151,1.4258,1.0653,0.02381,2.00503
CALCE_002,8,2026-01-01T00:08:00,27.127,3.6898,0.0515,3.4162,4.094,-1.7465,0.1156,-1.6603,24.3269,1.6022,0.326,0.02983,1.99369
CALCE_002,9,2026-01-01T00:09:00,25.008,3.7474,0.0511,3.4437,4.1539,-1.8255,0.1308,-1.6545,24.5868,1.6094,0.2267,0.0191,1.98762
CALCE_002,10,2026-01-01T00:10:00,24.906,3.6856,0.0688,3.4432,4.138,-1.7743,0.1034,-1.6881,26.1922,1.5852,0.2738,0.01731,1.99935
CALCE_002,11,2026-01-01T00:11:00,26.339,3.724,0.0563,3.4107,4.0705,-1.8307,0.1144,-1.723,23.53,1.375,0.604,0.02332,1.97814
CALCE_002,12,2026-01-01T00:12:00,20.263,3.6854,0.0519,3.4598,4.1024,-1.8184,0.1117,-1.7112,23.3388,1.6605,1.0147,0.02967,1.95557
CALCE_002,13,2026-01-01T00:13:00,21.696,3.6881,0.0528,3.4301,4.1193,-1.8699,0.1174,-1.7079,24.9369,1.3308,0.4265,0.0187,1.96106
CALCE_002,14,2026-01-01T00:14:00,25.938,3.6696,0.0521,3.4305,4.1649,-1.8268,0.1248,-1.6696,24.3182,1.4339,0.9339,0.02789,1.95991
CALCE_002,15,2026-01-01T00:15:00,21.361,3.6821,0.0689,3.4201,4.1014,-1.7257,0.1387,-1.7209,25.7798,1.4964,0.7183,0.01864,1.97654
CALCE_002,16,2026-01-01T00:16:00,28.165,3.6893,0.0523,3.4564,4.1292,-1.7927,0.1273,-1.695,26.812,1.4846,0.8375,0.02158,1.93634
CALCE_002,17,2026-01-01T00:17:00,26.928,3.7319,0.0659,3.4409,4.1199,-1.7787,0.1097,-1.6841,25.8609,1.6156,0.2666,0.02986,1.92695
CALCE_002,18,2026-01-01T00:18:00,24.008,3.7007,0.0684,3.4692,4.1244,-1.7535,0.1144,-1.6604,25.1476,1.5553,0.2765,0.02653,1.93393
CALCE_002,19,2026-01-01T00:19:00,23.55,3.7147,0.0509,3.4984,4.1377,-1.8161,0.1301,-1.6534,24.7218,1.3042,0.4329,0.02266,1.94035
CALCE_002,20,2026-01-01T00:20:00,25.805,3.7075,0.0589,3.4391,4.1472,-1.7858,0.12,-1.7155,23.0983,1.3418,0.5744,0.02943,1.92774
CALCE_002,21,2026-01-01T00:21:00,29.407,3.6642,0.0562,3.4455,4.0907,-1.8027,0.119,-1.7062,25.7871,1.4276,0.4702,0.02715,1.89931
CALCE_002,22,2026-01-01T00:22:00,28.492,3.7148,0.0635,3.4164,4.1684,-1.841,0.107,-1.734,25.2394,1.6834,0.4087,0.02108,1.895
CALCE_002,23,2026-01-01T00:23:00,26.405,3.6932,0.0506,3.4614,4.0897,-1.7852,0.1156,-1.6795,23.8231,1.6009,0.9279,0.01594,1.89491
CALCE_002,24,2026-01-01T00:24:00,28.72,3.6687,0.0565,3.4458,4.0962,-1.742,0.1211,-1.6861,25.3879,1.5445,0.7283,0.02022,1.88571
CALCE_002,25,2026-01-01T00:25:00,26.174,3.7314,0.0641,3.4297,4.1314,-1.8664,0.1054,-1.7382,24.2215,1.3732,0.8241,0.02266,1.92611
CALCE_002,26,2026-01-01T00:26:00,21.379,3.6884,0.0537,3.4636,4.1393,-1.7768,0.14,-1.6945,24.9586,1.3561,0.4831,0.02177,1.89625
CALCE_002,27,2026-01-01T00:27:00,23.59,3.651,0.0527,3.4815,4.1664,-1.7991,0.1198,-1.6815,24.6625,1.636,0.6398,0.01624,1.87017
CALCE_002,28,2026-01-01T00:28:00,27.611,3.6792,0.0555,3.4538,4.0868,-1.8068,0.1297,-1.6734,25.1989,1.3453,0.3028,0.02663,1.8646
CALCE_002,29,2026-01-01T00:29:00,23.669,3.7323,0.0508,3.4719,4.1246,-1.7216,0.1041,-1.667,26.0054,1.4191,1.0994,0.02175,1.90796
CALCE_002,30,2026-01-01T00:30:00,28.167,3.6939,0.0699,3.4776,4.0937,-1.7503,0.1235,-1.7149,25.843,1.5531,0.3494,0.01709,1.87529
CALCE_002,31,2026-01-01T00:31:00,22.069,3.6559,0.057,3.4281,4.1239,-1.8282,0.1282,-1.7211,24.0694,1.6432,1.0869,0.02519,1.8626
CALCE_002,32,2026-01-01T00:32:00,29.628,3.7286,0.0684,3.4992,4.1567,-1.8597,0.1346,-1.725,25.8456,1.6314,0.8853,0.02514,1.85176
CALCE_002,33,2026-01-01T00:33:00,25.774,3.6769,0.0583,3.4452,4.1334,-1.7392,0.1037,-1.6984,24.1129,1.6745,0.5322,0.02925,1.87126
CALCE_002,34,2026-01-01T00:34:00,20.025,3.7274,0.0647,3.4731,4.1158,-1.7737,0.1143,-1.7437,25.1377,1.3871,0.5867,0.01818,1.85738
CALCE_002,35,2026-01-01T00:35:00,28.283,3.6838,0.0616,3.4566,4.1185,-1.825,0.1273,-1.7452,23.3983,1.6136,0.6136,0.01686,1.84972
CALCE_002,36,2026-01-01T00:36:00,24.413,3.6501,0.0692,3.4202,4.1389,-1.8589,0.126,-1.7341,26.7309,1.4096,0.7891,0.01876,1.88094
CALCE_002,37,2026-01-01T00:37:00,29.038,3.6666,0.0579,3.4306,4.1399,-1.8425,0.1262,-1.6796,23.0043,1.4907,0.3194,0.01839,1.84767
CALCE_002,38,2026-01-01T00:38:00,20.093,3.7196,0.0663,3.4988,4.1122,-1.8589,0.1028,-1.7117,25.9231,1.341,0.482,0.02821,1.86205
CALCE_002,39,2026-01-01T00:39:00,27.735,3.7253,0.0527,3.4993,4.0843,-1.7951,0.1003,-1.685,24.7604,1.589,0.7653,0.01727,1.82538
CALCE_002,40,2026-01-01T00:40:00,26.866,3.736,0.0517,3.41,4.1452,-1.7857,0.1154,-1.6537,24.258,1.3559,0.4493,0.01626,1.83777
CALCE_002,41,2026-01-01T00:41:00,26.0,3.7108,0.0656,3.469,4.1548,-1.7747,0.1121,-1.6982,25.0381,1.5991,0.466,0.01582,1.84219
CALCE_002,42,2026-01-01T00:42:00,29.547,3.6995,0.0523,3.45,4.1294,-1.7955,0.1391,-1.6513,26.7357,1.3528,0.9747,0.02353,1.85879
CALCE_002,43,2026-01-01T00:43:00,26.829,3.7263,0.0691,3.477,4.0717,-1.8692,0.1105,-1.746,23.2419,1.6157,0.6559,0.02443,1.82277
CALCE_002,44,2026-01-01T00:44:00,24.154,3.7202,0.0516,3.4537,4.1316,-1.8356,0.1124,-1.6989,23.8128,1.6232,0.6828,0.02086,1.82686
CALCE_002,45,2026-01-01T00:45:00,28.345,3.7181,0.0513,3.4699,4.143,-1.7446,0.1023,-1.7414,24.7379,1.4813,0.7479,0.01964,1.83081
CALCE_002,46,2026-01-01T00:46:00,27.407,3.6619,0.0642,3.4701,4.0864,-1.7275,0.1209,-1.6717,25.8831,1.3668,0.3142,0.02672,1.83322
CALCE_002,47,2026-01-01T00:47:00,28.864,3.7271,0.0506,3.4807,4.0972,-1.8698,0.1285,-1.6923,23.3083,1.4821,0.5241,0.02249,1.80081
CALCE_002,48,2026-01-01T00:48:00,23.677,3.6755,0.0521,3.4574,4.1423,-1.8435,0.1204,-1.7456,26.4517,1.3978,0.6246,0.02074,1.81468
CALCE_002,49,2026-01-01T00:49:00,29.312,3.7357,0.0611,3.4914,4.1441,-1.8129,0.1129,-1.7084,25.8812,1.4085,0.2701,0.02059,1.78567
CALCE_002,50,2026-01-01T00:50:00,29.019,3.6679,0.0661,3.4981,4.1654,-1.869,0.1186,-1.7218,26.3794,1.4309,0.6978,0.01512,1.80278
CALCE_002,51,2026-01-01T00:51:00,25.638,3.6804,0.0625,3.4464,4.1292,-1.8011,0.1309,-1.7305,26.6018,1.6042,0.4206,0.0151,1.78071
CALCE_002,52,2026-01-01T00:52:00,22.33,3.6846,0.0668,3.4877,4.1651,-1.8798,0.1263,-1.6651,25.9089,1.3416,0.6768,0.01857,1.78929
CALCE_002,53,2026-01-01T00:53:00,20.599,3.7497,0.0642,3.4093,4.1621,-1.7364,0.1208,-1.6799,24.49,1.6898,0.2764,0.01643,1.79023
CALCE_002,54,2026-01-01T00:54:00,28.2,3.6575,0.0614,3.4435,4.1664,-1.8421,0.1104,-1.7185,26.2033,1.5803,0.8618,0.01977,1.76476
CALCE_002,55,2026-01-01T00:55:00,20.747,3.6703,0.0656,3.4585,4.0855,-1.8537,0.1186,-1.7093,25.1437,1.6859,0.3869,0.01962,1.76911
CALCE_002,56,2026-01-01T00:56:00,21.199,3.6658,0.0637,3.4826,4.1397,-1.8735,0.1334,-1.7172,23.3649,1.3993,0.5202,0.0227,1.76474
CALCE_002,57,2026-01-01T00:57:00,22.602,3.7491,0.0506,3.4404,4.1152,-1.7603,0.11,-1.7038,26.2156,1.3559,0.2108,0.02746,1.78553
CALCE_002,58,2026-01-01T00:58:00,21.307,3.7324,0.0574,3.463,4.1345,-1.7868,0.1104,-1.6687,23.0872,1.3258,1.0122,0.02165,1.79993
CALCE_002,59,2026-01-01T00:59:00,29.051,3.7329,0.0566,3.4043,4.1161,-1.8531,0.123,-1.6678,24.58,1.3118,0.8149,0.01759,1.74478
CALCE_002,60,2026-01-01T00:00:00,21.872,3.678,0.0677,3.4035,4.1319,-1.8407,0.1118,-1.7088,25.2028,1.3244,0.4518,0.01706,1.74602
CALCE_002,61,2026-01-01T00:01:00,28.847,3.7026,0.0626,3.4802,4.1495,-1.7217,0.1313,-1.7141,25.1781,1.4939,1.0214,0.02254,1.7412
CALCE_002,62,2026-01-01T00:02:00,21.798,3.6819,0.0544,3.4896,4.1479,-1.8706,0.1397,-1.6971,26.0674,1.6998,1.0766,0.0165,1.74864
CALCE_002,63,2026-01-01T00:03:00,22.665,3.7316,0.0683,3.4056,4.1696,-1.8449,0.1339,-1.6703,24.4192,1.6357,0.9607,0.01764,1.76086
CALCE_002,64,2026-01-01T00:04:00,28.062,3.7198,0.0683,3.4028,4.1401,-1.7284,0.1225,-1.6937,23.7529,1.6952,0.9935,0.02238,1.75313
CALCE_002,65,2026-01-01T00:05:00,24.904,3.659,0.0547,3.4219,4.1226,-1.8799,0.1367,-1.7299,23.522,1.5868,1.0269,0.02766,1.73225
CALCE_002,66,2026-01-01T00:06:00,20.219,3.7087,0.0683,3.4774,4.1546,-1.7423,0.1384,-1.7126,26.7677,1.4582,0.2909,0.01953,1.72926
CALCE_002,67,2026-01-01T00:07:00,21.575,3.7449,0.0658,3.4961,4.1349,-1.8521,0.1387,-1.6806,26.7154,1.6148,0.4009,0.02383,1.71418
CALCE_002,68,2026-01-01T00:08:00,23.068,3.7188,0.0525,3.4729,4.1649,-1.7282,0.1157,-1.6506,26.8607,1.313,0.7421,0.02882,1.71267
CALCE_002,69,2026-01-01T00:09:00,22.209,3.7066,0.0687,3.4141,4.1445,-1.8419,0.1393,-1.7332,26.5413,1.3355,0.8381,0.02459,1.75636
CALCE_002,70,2026-01-01T00:10:00,24.466,3.6765,0.055,3.4068,4.0957,-1.8627,0.1001,-1.7114,25.9303,1.6876,0.9961,0.0224,1.74768
CALCE_002,71,2026-01-01T00:11:00,25.46,3.6601,0.0596,3.4864,4.1351,-1.7701,0.1065,-1.7426,26.383,1.418,0.4868,0.02927,1.71339
CALCE_002,72,2026-01-01T00:12:00,21.701,3.6875,0.0646,3.4547,4.1598,-1.8651,0.1238,-1.6886,24.9309,1.3124,1.0482,0.01747,1.69131
CALCE_002,73,2026-01-01T00:13:00,21.571,3.6601,0.0541,3.419,4.1397,-1.7645,0.1292,-1.7235,24.1261,1.395,0.2447,0.02358,1.73644
CALCE_002,74,2026-01-01T00:14:00,21.536,3.6861,0.0586,3.4295,4.1362,-1.784,0.108,-1.7474,23.6833,1.4167,0.2737,0.02766,1.72965
CALCE_002,75,2026-01-01T00:15:00,23.975,3.6989,0.0632,3.4091,4.1244,-1.8504,0.1354,-1.7131,24.7831,1.4053,0.6186,0.01839,1.69398
CALCE_002,76,2026-01-01T00:16:00,20.616,3.7252,0.0633,3.4086,4.1044,-1.7934,0.1388,-1.691,25.2144,1.6363,0.9366,0.02128,1.68781
CALCE_002,77,2026-01-01T00:17:00,28.669,3.6975,0.0676,3.4476,4.0779,-1.7356,0.1286,-1.6998,26.6018,1.6202,0.8098,0.0243,1.70006
CALCE_002,78,2026-01-01T00:18:00,27.572,3.6673,0.0697,3.4972,4.1508,-1.8598,0.1169,-1.6512,24.7416,1.6989,0.7645,0.02751,1.67139
CALCE_002,79,2026-01-01T00:19:00,29.108,3.7414,0.0513,3.4388,4.1097,-1.8278,0.111,-1.7042,26.4939,1.6146,0.7608,0.02284,1.6759
CALCE_002,80,2026-01-01T00:20:00,24.144,3.6648,0.0618,3.4758,4.164,-1.732,0.1225,-1.7399,24.1444,1.5143,0.5095,0.02116,1.68185
CALCE_003,1,2026-01-01T00:01:00,20.375,3.6775,0.0529,3.4609,4.1394,-1.8738,0.1356,-1.7169,23.9503,1.5983,1.0288,0.02846,2.01818
CALCE_003,2,2026-01-01T00:02:00,28.174,3.6803,0.0556,3.4492,4.1396,-1.8643,0.1348,-1.7366,26.8969,1.4772,0.9432,0.01904,1.97959
CALCE_003,3,2026-01-01T00:03:00,26.456,3.6688,0.0542,3.4824,4.1441,-1.7585,0.1347,-1.6679,25.0611,1.3636,0.48,0.0226,2.00012
CALCE_003,4,2026-01-01T00:04:00,28.513,3.7379,0.0506,3.4193,4.1533,-1.7461,0.11,-1.7044,26.6721,1.5819,0.4466,0.02735,1.97999
CALCE_003,5,2026-01-01T00:05:00,26.354,3.6624,0.0506,3.4372,4.1294,-1.8516,0.1348,-1.6913,24.399,1.3654,1.005,0.02623,1.99891
CALCE_003,6,2026-01-01T00:06:00,22.851,3.6887,0.0533,3.4572,4.1665,-1.7429,0.1259,-1.6822,24.0763,1.4638,0.218,0.0267,2.00669
CALCE_003,7,2026-01-01T00:07:00,20.089,3.7412,0.0629,3.4601,4.0708,-1.8396,0.1322,-1.7195,26.8681,1.5571,0.5814,0.02065,2.00817
CALCE_003,8,2026-01-01T00:08:00,22.52,3.6967,0.0635,3.4824,4.1097,-1.8636,0.1205,-1.6838,26.3731,1.4497,0.7826,0.02414,1.9798
CALCE_003,9,2026-01-01T00:09:00,21.081,3.6564,0.0698,3.4641,4.1561,-1.8382,0.1284,-1.6608,24.1952,1.36,0.8889,0.0285,1.97356
CALCE_003,10,2026-01-01T00:10:00,28.024,3.71,0.0632,3.4681,4.1421,-1.7751,0.1399,-1.7241,24.6743,1.4553,0.2318,0.02562,2.00075
CALCE_003,11,2026-01-01T00:11:00,21.899,3.7227,0.0544,3.4535,4.1485,-1.735,0.1269,-1.6993,26.3817,1.6363,0.9888,0.01772,1.98353
CALCE_003,12,2026-01-01T00:12:00,21.279,3.6759,0.0662,3.4763,4.0883,-1.7712,0.1134,-1.7411,24.4211,1.5977,0.4764,0.02682,1.95185
CALCE_003,13,2026-01-01T00:13:00,22.606,3.6794,0.067,3.4471,4.1566,-1.7866,0.1378,-1.7429,26.5577,1.5002,0.9807,0.02073,1.96266
CALCE_003,14,2026-01-01T00:14:00,20.541,3.7354,0.0527,3.42,4.1109,-1.7889,0.1363,-1.7042,24.2655,1.5863,0.901,0.02231,1.95748
CALCE_003,15,2026-01-01T00:15:00,21.768,3.7134,0.0501,3.4274,4.1461,-1.853,0.1306,-1.701,26.0543,1.3352,0.753,0.0245,1.97424
CALCE_003,16,2026-01-01T00:16:00,29.653,3.6883,0.0508,3.4199,4.1073,-1.8777,0.1129,-1.6667,23.7623,1.5707,0.764,0.01873,1.95739
CALCE_003,17,2026-01-01T00:17:00,23.443,3.6629,0.0577,3.4589,4.0867,-1.7482,0.1119,-1.7209,25.9113,1.5385,0.5041,0.02832,1.97161
CALCE_003,18,2026-01-01T00:18:00,23.427,3.7401,0.0572,3.4188,4.1648,-1.7331,0.1161,-1.7272,25.9087,1.3525,0.8607,0.02385,1.98654
CALCE_003,19,2026-01-01T00:19:00,23.666,3.7151,0.0507,3.4877,4.0956,-1.7944,0.1019,-1.6505,25.6479,1.5614,0.2178,0.02535,1.93377
CALCE_003,20,2026-01-01T00:20:00,23.803,3.7047,0.0595,3.4153,4.1395,-1.7792,0.112,-1.6838,25.6499,1.408,0.7451,0.01706,1.94547
CALCE_003,21,2026-01-01T00:21:00,21.049,3.7219,0.0524,3.4114,4.0806,-1.8482,0.108,-1.7237,25.0926,1.3807,0.8331,0.01943,1.96713
CALCE_003,22,2026-01-01T00:22:00,24.964,3.6708,0.0687,3.4331,4.0703,-1.7725,0.1363,-1.6665,25.6761,1.3597,0.2811,0.02268,1.9165
CALCE_003,23,2026-01-01T00:23:00,21.013,3.6756,0.0546,3.4989,4.0996,-1.8057,0.104,-1.7325,23.1578,1.4162,0.9214,0.01969,1.95439
CALCE_003,24,2026-01-01T00:24:00,20.95,3.7258,0.0509,3.4852,4.1363,-1.8527,0.1143,-1.7062,25.4872,1.6514,0.2837,0.02722,1.95213
CALCE_003,25,2026-01-01T00:25:00,24.008,3.7462,0.0554,3.4386,4.1551,-1.752,0.126,-1.6703,23.4522,1.5785,0.2528,0.02914,1.91565
CALCE_003,26,2026-01-01T00:26:00,24.16,3.7091,0.066,3.4678,4.0881,-1.8192,0.1143,-1.7471,25.7379,1.6354,1.0761,0.01696,1.9111
CALCE_003,27,2026-01-01T00:27:00,21.129,3.6911,0.0509,3.4262,4.1014,-1.7673,0.1271,-1.6732,25.3066,1.526,1.0801,0.02505,1.95362
CALCE_003,28,2026-01-01T00:28:00,25.231,3.7201,0.0519,3.4662,4.0949,-1.8247,0.1271,-1.7115,26.3561,1.5233,1.089,0.01582,1.91556
CALCE_003,29,2026-01-01T00:29:00,21.569,3.7349,0.067,3.4869,4.0775,-1.8013,0.1096,-1.653,23.2014,1.3891,0.779,0.02105,1.93074
CALCE_003,30,2026-01-01T00:30:00,24.591,3.7301,0.059,3.4857,4.1147,-1.861,0.1199,-1.6847,23.4106,1.4649,0.7014,0.015,1.90311
CALCE_003,31,2026-01-01T00:31:00,26.042,3.7119,0.0561,3.4508,4.0907,-1.7726,0.138,-1.7137,23.2171,1.3892,0.609,0.0234,1.89135
CALCE_003,32,2026-01-01T00:32:00,24.731,3.7157,0.0643,3.4114,4.1459,-1.8445,0.1137,-1.667,26.8577,1.4168,0.6698,0.02553,1.91997
CALCE_003,33,2026-01-01T00:33:00,21.642,3.664,0.0643,3.4722,4.0807,-1.7823,0.1075,-1.657,24.5716,1.4828,0.9033,0.02575,1.88242
CALCE_003,34,2026-01-01T00:34:00,24.145,3.7427,0.0667,3.4589,4.1472,-1.8079,0.1263,-1.6544,23.5385,1.4995,0.6773,0.01573,1.88304
CALCE_003,35,2026-01-01T00:35:00,28.388,3.6983,0.0602,3.4921,4.0877,-1.7874,0.1292,-1.7372,24.5496,1.5402,0.9944,0.02256,1.9296
CALCE_003,36,2026-01-01T00:36:00,29.795,3.7416,0.0652,3.4274,4.1664,-1.7247,0.1181,-1.7367,24.651,1.58,0.8736,0.01948,1.89347
CALCE_003,37,2026-01-01T00:37:00,28.607,3.7212,0.0687,3.4633,4.0901,-1.7801,0.1116,-1.7155,25.6895,1.6925,0.7851,0.02937,1.90939
CALCE_003,38,2026-01-01T00:38:00,26.943,3.6822,0.0523,3.4352,4.118,-1.7887,0.1267,-1.7083,25.9915,1.6366,0.4573,0.02771,1.89445
CALCE_003,39,2026-01-01T00:39:00,25.227,3.6525,0.0529,3.467,4.09,-1.76,0.1064,-1.7213,24.0022,1.6358,0.8215,0.01943,1.90964
CALCE_003,40,2026-01-01T00:40:00,20.323,3.7314,0.052,3.4868,4.1439,-1.7416,0.1297,-1.6939,23.9504,1.6137,0.9189,0.01931,1.90329
CALCE_003,41,2026-01-01T00:41:00,29.265,3.6888,0.0691,3.4976,4.1013,-1.7917,0.1005,-1.7249,25.4822,1.6124,0.9831,0.02745,1.89488
CALCE_003,42,2026-01-01T00:42:00,27.046,3.7148,0.0651,3.4547,4.1303,-1.7558,0.1386,-1.7206,23.7097,1.5731,0.3683,0.01761,1.90663
CALCE_003,43,2026-01-01T00:43:00,23.772,3.6929,0.0611,3.413,4.1284,-1.8392,0.1132,-1.679,23.6192,1.3615,0.4904,0.01576,1.87972
CALCE_003,44,2026-01-01T00:44:00,26.156,3.7162,0.0598,3.4573,4.1058,-1.7546,0.1127,-1.728,23.7355,1.3273,0.6546,0.02124,1.90178
CALCE_003,45,2026-01-01T00:45:00,20.919,3.6721,0.0543,3.4332,4.1061,-1.845,0.1301,-1.697,26.9865,1.6295,1.083,0.01513,1.87501
CALCE_003,46,2026-01-01T00:46:00,24.457,3.7404,0.0623,3.4621,4.1659,-1.7708,0.1128,-1.6584,26.78,1.4544,0.6862,0.01924,1.87988
CALCE_003,47,2026-01-01T00:47:00,28.221,3.6875,0.0661,3.4446,4.0744,-1.7363,0.1077,-1.6986,26.7928,1.367,1.0606,0.02307,1.89139
CALCE_003,48,2026-01-01T00:48:00,20.655,3.717,0.0655,3.4865,4.1124,-1.8634,0.1215,-1.6797,26.9049,1.6101,0.7819,0.0291,1.83412
CALCE_003,49,2026-01-01T00:49:00,21.538,3.6959,0.0566,3.4088,4.0754,-1.7529,0.1223,-1.6925,23.9106,1.4035,0.5492,0.02445,1.87547
CALCE_003,50,2026-01-01T00:50:00,20.169,3.7173,0.0607,3.4641,4.1318,-1.759,0.1234,-1.6799,23.2904,1.6712,0.2955,0.0268,1.85361
CALCE_003,51,2026-01-01T00:51:00,20.865,3.7265,0.0588,3.4395,4.1361,-1.8042,0.1213,-1.7364,24.564,1.619,0.6912,0.0294,1.84269
CALCE_003,52,2026-01-01T00:52:00,26.773,3.7414,0.0659,3.4729,4.1073,-1.7281,0.1221,-1.6945,23.4929,1.302,0.737,0.02306,1.83024
CALCE_003,53,2026-01-01T00:53:00,23.047,3.7248,0.0681,3.4344,4.1113,-1.7767,0.1205,-1.7339,23.8832,1.6339,0.3749,0.01772,1.87541
CALCE_003,54,2026-01-01T00:54:00,28.523,3.7351,0.0686,3.4994,4.1161,-1.7921,0.1116,-1.7433,23.3928,1.5902,0.6385,0.01996,1.86357
CALCE_003,55,2026-01-01T00:55:00,26.555,3.66,0.0624,3.49,4.1018,-1.8079,0.1247,-1.7194,25.3367,1.5262,0.528,0.01974,1.82029
CALCE_003,56,2026-01-01T00:56:00,20.048,3.6746,0.0544,3.474,4.1136,-1.7456,0.1054,-1.6767,26.5115,1.4851,0.5229,0.01958,1.8353
CALCE_003,57,2026-01-01T00:57:00,21.758,3.7107,0.0668,3.4859,4.084,-1.7938,0.1105,-1.6614,23.3058,1.3302,0.2168,0.02261,1.83971
CALCE_003,58,2026-01-01T00:58:00,25.819,3.6905,0.0618,3.4906,4.1252,-1.793,0.1399,-1.7028,26.1008,1.4463,0.401,0.02658,1.8055
CALCE_003,59,2026-01-01T00:59:00,22.91,3.6965,0.0602,3.4397,4.1202,-1.774,0.1339,-1.6693,25.4561,1.3663,0.6627,0.02169,1.84465
CALCE_003,60,2026-01-01T00:00:00,29.487,3.7159,0.0694,3.4736,4.1184,-1.8226,0.1088,-1.7012,23.2514,1.4478,0.2385,0.0181,1.80843
CALCE_003,61,2026-01-01T00:01:00,23.613,3.697,0.0591,3.4046,4.1681,-1.8281,0.1281,-1.6979,26.3186,1.6339,0.437,0.02317,1.84917
CALCE_003,62,2026-01-01T00:02:00,26.537,3.6865,0.0631,3.4835,4.1217,-1.8198,0.1363,-1.6984,24.4116,1.6471,0.6382,0.02223,1.80218
CALCE_003,63,2026-01-01T00:03:00,25.018,3.6639,0.0533,3.4077,4.1343,-1.8462,0.1075,-1.7138,25.8692,1.3473,0.4073,0.02717,1.82504
CALCE_003,64,2026-01-01T00:04:00,24.815,3.6979,0.0542,3.4161,4.1533,-1.8764,0.1017,-1.6927,23.6445,1.5518,0.2353,0.02358,1.82905
CALCE_003,65,2026-01-01T00:05:00,22.583,3.668,0.0692,3.4599,4.1264,-1.877,0.1288,-1.6838,24.1338,1.3343,0.6043,0.02989,1.78624
CALCE_003,66,2026-01-01T00:06:00,21.706,3.733,0.062,3.4795,4.152,-1.8509,0.1264,-1.7235,25.8967,1.4371,0.6081,0.02386,1.83198
CALCE_003,67,2026-01-01T00:07:00,23.855,3.6609,0.054,3.486,4.1204,-1.8128,0.106,-1.7404,24.9035,1.5459,0.2351,0.02676,1.79079
CALCE_003,68,2026-01-01T00:08:00,21.175,3.6982,0.0526,3.4603,4.1528,-1.7365,0.131,-1.6851,25.0882,1.4482,0.2391,0.02295,1.80426
CALCE_003,69,2026-01-01T00:09:00,28.023,3.729,0.0576,3.4589,4.1441,-1.7582,0.1279,-1.7402,23.5355,1.4909,0.4093,0.02789,1.7849
CALCE_003,70,2026-01-01T00:10:00,28.768,3.6909,0.0538,3.4709,4.1489,-1.7875,0.1047,-1.7493,25.6182,1.5751,0.4843,0.02043,1.78521
CALCE_003,71,2026-01-01T00:11:00,26.516,3.6754,0.0671,3.4424,4.1066,-1.8359,0.1272,-1.6745,24.6529,1.6135,0.6342,0.02055,1.77458
CALCE_003,72,2026-01-01T00:12:00,22.538,3.6807,0.0569,3.4705,4.1436,-1.7432,0.1264,-1.6752,24.7864,1.5797,0.3456,0.01822,1.79567
CALCE_003,73,2026-01-01T00:13:00,23.384,3.7051,0.0639,3.4707,4.0861,-1.7257,0.1002,-1.7409,23.5813,1.6703,0.5918,0.01596,1.7835
CALCE_003,74,2026-01-01T00:14:00,20.8,3.6538,0.0577,3.4984,4.1314,-1.7966,0.1285,-1.6903,26.7829,1.6281,0.7763,0.02158,1.76986
CALCE_003,75,2026-01-01T00:15:00,26.569,3.7304,0.0557,3.4034,4.13,-1.7975,0.1093,-1.7331,23.1442,1.3957,0.2003,0.01736,1.76576
CALCE_003,76,2026-01-01T00:16:00,27.797,3.6853,0.0579,3.4586,4.1218,-1.7621,0.1027,-1.741,24.138,1.6319,1.0235,0.02022,1.81057
CALCE_003,77,2026-01-01T00:17:00,22.765,3.7106,0.0539,3.493,4.1275,-1.8382,0.1163,-1.7394,23.2895,1.4177,1.0523,0.02704,1.80566
CALCE_003,78,2026-01-01T00:18:00,28.761,3.7313,0.0615,3.4694,4.1666,-1.7899,0.1308,-1.6743,26.845,1.4835,0.6146,0.0238,1.80238
CALCE_003,79,2026-01-01T00:19:00,21.163,3.6568,0.0627,3.4994,4.1377,-1.8432,0.1126,-1.6545,25.066,1.3039,0.949,0.01872,1.74374
CALCE_003,80,2026-01-01T00:20:00,26.737,3.7321,0.0515,3.4931,4.1177,-1.8234,0.1358,-1.7231,26.7885,1.5732,1.0189,0.02248,1.7448
CALCE_004,1,2026-01-01T00:01:00,22.068,3.6703,0.055,3.4619,4.0856,-1.8629,0.1368,-1.6824,25.6537,1.5455,0.8878,0.02312,1.97825
CALCE_004,2,2026-01-01T00:02:00,24.823,3.7121,0.0598,3.4985,4.1597,-1.741,0.1196,-1.6516,26.664,1.4121,0.3999,0.02365,1.92442
CALCE_004,3,2026-01-01T00:03:00,27.993,3.6978,0.0608,3.4502,4.1094,-1.7702,0.107,-1.6523,25.793,1.484,0.8203,0.01518,1.92113
CALCE_004,4,2026-01-01T00:04:00,25.81,3.6825,0.0623,3.426,4.1249,-1.8421,0.1189,-1.6887,24.4637,1.4995,0.3895,0.02551,1.92654
CALCE_004,5,2026-01-01T00:05:00,28.543,3.678,0.0536,3.4131,4.1276,-1.8434,0.104,-1.723,23.9432,1.4729,0.5428,0.01719,1.93225
CALCE_004,6,2026-01-01T00:06:00,21.495,3.7306,0.0535,3.45,4.1696,-1.7441,0.1207,-1.6779,26.1413,1.42,0.7059,0.02352,1.96349
CALCE_004,7,2026-01-01T00:07:00,26.905,3.656,0.0663,3.4477,4.133,-1.808,0.1134,-1.7139,25.2414,1.6727,0.4319,0.0153,1.92588
CALCE_004,8,2026-01-01T00:08:00,28.674,3.7463,0.054,3.4576,4.1349,-1.8521,0.1312,-1.7145,25.6928,1.495,0.8629,0.02834,1.90529
CALCE_004,9,2026-01-01T00:09:00,22.865,3.7132,0.0529,3.4168,4.1508,-1.826,0.1253,-1.6928,26.3956,1.3285,0.3458,0.01842,1.91693
CALCE_004,10,2026-01-01T00:10:00,22.914,3.6767,0.0629,3.4271,4.1145,-1.742,0.1145,-1.6913,26.8621,1.4656,0.3655,0.01535,1.90914
CALCE_004,11,2026-01-01T00:11:00,26.62,3.744,0.064,3.408,4.0867,-1.8635,0.1026,-1.6621,25.1937,1.3105,0.5573,0.02647,1.92986
CALCE_004,12,2026-01-01T00:12:00,22.625,3.6655,0.0631,3.4885,4.1009,-1.8404,0.1114,-1.6874,23.5251,1.6354,0.2257,0.02495,1.88726
CALCE_004,13,2026-01-01T00:13:00,23.252,3.6976,0.0695,3.4541,4.0972,-1.8088,0.1388,-1.6802,23.7081,1.539,0.7679,0.02454,1.92997
CALCE_004,14,2026-01-01T00:14:00,25.235,3.714,0.0562,3.4347,4.124,-1.7512,0.1177,-1.7134,24.0392,1.4214,0.2001,0.02723,1.90828
CALCE_004,15,2026-01-01T00:15:00,23.439,3.6969,0.0502,3.4922,4.1647,-1.8037,0.1004,-1.707,24.1717,1.3925,0.2065,0.0206,1.92142
CALCE_004,16,2026-01-01T00:16:00,25.606,3.6895,0.0533,3.4737,4.109,-1.8195,0.1105,-1.7078,23.9582,1.6058,1.019,0.02711,1.89136
CALCE_004,17,2026-01-01T00:17:00,22.847,3.7243,0.0662,3.4413,4.1553,-1.8508,0.1116,-1.6863,25.4709,1.4089,0.7605,0.01782,1.90384
CALCE_004,18,2026-01-01T00:18:00,20.496,3.7035,0.0537,3.4102,4.0969,-1.7656,0.1291,-1.7267,23.6027,1.4974,0.5077,0.01967,1.86005
CALCE_004,19,2026-01-01T00:19:00,29.98,3.6964,0.0658,3.433,4.1544,-1.7277,0.1022,-1.6724,23.2855,1.4881,0.373,0.02762,1.90299
CALCE_004,20,2026-01-01T00:20:00,28.283,3.6622,0.0654,3.4249,4.1471,-1.8091,0.1295,-1.7466,24.8433,1.6084,0.669,0.02973,1.9002
CALCE_004,21,2026-01-01T00:21:00,26.814,3.6812,0.0565,3.4629,4.0742,-1.73,0.1208,-1.7247,25.5541,1.3795,0.9988,0.02795,1.87568
CALCE_004,22,2026-01-01T00:22:00,21.129,3.7133,0.0565,3.4167,4.0976,-1.8609,0.1316,-1.7491,23.168,1.6134,0.6277,0.02394,1.85653
CALCE_004,23,2026-01-01T00:23:00,20.895,3.6658,0.0518,3.4619,4.1631,-1.7205,0.125,-1.744,25.5783,1.5805,0.9123,0.01689,1.86191
CALCE_004,24,2026-01-01T00:24:00,29.817,3.7289,0.0651,3.4806,4.1139,-1.8491,0.1276,-1.7142,23.5389,1.6595,0.6368,0.02156,1.84976
CALCE_004,25,2026-01-01T00:25:00,26.97,3.669,0.0537,3.4348,4.1432,-1.8359,0.1333,-1.6586,25.2181,1.3276,0.3395,0.01944,1.84966
CALCE_004,26,2026-01-01T00:26:00,23.671,3.6501,0.0628,3.4379,4.0886,-1.877,0.1343,-1.6724,23.9551,1.5884,0.7925,0.02308,1.84396
CALCE_004,27,2026-01-01T00:27:00,25.241,3.6998,0.061,3.4613,4.1023,-1.7775,0.1044,-1.6977,23.2667,1.6341,0.3168,0.0281,1.84761
CALCE_004,28,2026-01-01T00:28:00,24.854,3.6599,0.0614,3.4836,4.1358,-1.7959,0.1281,-1.7244,24.4654,1.5424,0.2638,0.02895,1.83268
CALCE_004,29,2026-01-01T00:29:00,24.914,3.739,0.0516,3.4801,4.0761,-1.7907,0.1375,-1.7084,24.4763,1.5834,0.9413,0.01899,1.82929
CALCE_004,30,2026-01-01T00:30:00,20.704,3.6804,0.0689,3.4961,4.0797,-1.764,0.1213,-1.7311,25.1048,1.3995,0.7628,0.01768,1.81542
CALCE_004,31,2026-01-01T00:31:00,24.152,3.6606,0.0628,3.4358,4.1159,-1.7736,0.1353,-1.7333,23.7216,1.4606,0.5038,0.01737,1.85416
CALCE_004,32,2026-01-01T00:32:00,24.43,3.6852,0.0563,3.4991,4.1025,-1.8205,0.1306,-1.7069,25.9035,1.5434,0.7068,0.01821,1.86535
CALCE_004,33,2026-01-01T00:33:00,29.261,3.6754,0.0692,3.4447,4.1097,-1.7638,0.1393,-1.6904,25.0704,1.6974,0.4717,0.01951,1.84763
CALCE_004,34,2026-01-01T00:34:00,28.557,3.6522,0.0664,3.469,4.0976,-1.7914,0.1223,-1.6574,23.6189,1.3151,0.5201,0.01708,1.81125
CALCE_004,35,2026-01-01T00:35:00,25.822,3.6733,0.0662,3.4092,4.11,-1.7331,0.1294,-1.6776,26.1716,1.3692,0.9431,0.02534,1.81621
CALCE_004,36,2026-01-01T00:36:00,29.077,3.7095,0.056,3.4731,4.1276,-1.8674,0.1022,-1.6729,24.3917,1.6269,0.5749,0.02802,1.82503
CALCE_004,37,2026-01-01T00:37:00,22.267,3.7153,0.062,3.4011,4.1477,-1.8188,0.1122,-1.7459,25.1597,1.3598,0.6522,0.01831,1.83891
CALCE_004,38,2026-01-01T00:38:00,27.316,3.6893,0.0589,3.4595,4.1205,-1.8445,0.1116,-1.7106,23.5288,1.333,0.7143,0.01574,1.78603
CALCE_004,39,2026-01-01T00:39:00,20.851,3.7002,0.0655,3.413,4.0835,-1.7905,0.1195,-1.6848,23.7844,1.5464,0.8621,0.01869,1.80324
CALCE_004,40,2026-01-01T00:40:00,27.768,3.6823,0.0685,3.409,4.1372,-1.8122,0.1139,-1.7179,25.3755,1.3097,0.4743,0.02981,1.77988
CALCE_004,41,2026-01-01T00:41:00,29.902,3.6942,0.0529,3.4045,4.1518,-1.8481,0.115,-1.6742,26.4111,1.3449,0.2491,0.02923,1.80886
CALCE_004,42,2026-01-01T00:42:00,28.688,3.732,0.0503,3.4694,4.0811,-1.808,0.1009,-1.7291,25.152,1.3815,0.6709,0.01888,1.8238
CALCE_004,43,2026-01-01T00:43:00,27.299,3.6641,0.064,3.4018,4.1283,-1.7738,0.1017,-1.733,24.1361,1.6157,0.7562,0.0158,1.79349
CALCE_004,44,2026-01-01T00:44:00,20.083,3.6889,0.0554,3.4852,4.136,-1.7417,0.1008,-1.6633,25.5976,1.3925,0.5426,0.02965,1.80012
CALCE_004,45,2026-01-01T00:45:00,23.155,3.7367,0.0606,3.4186,4.1201,-1.8067,0.1371,-1.7479,23.9896,1.5118,0.5002,0.0209,1.76315
CALCE_004,46,2026-01-01T00:46:00,23.468,3.6852,0.0625,3.4236,4.1678,-1.7998,0.1325,-1.6874,26.5147,1.6562,0.9334,0.01544,1.76293
CALCE_004,47,2026-01-01T00:47:00,22.802,3.6652,0.0679,3.4657,4.0788,-1.8188,0.1384,-1.6888,25.5021,1.391,0.4163,0.01729,1.78315
CALCE_004,48,2026-01-01T00:48:00,29.097,3.6829,0.0608,3.4207,4.0839,-1.7934,0.132,-1.6637,24.236,1.5821,0.6714,0.01703,1.80444
CALCE_004,49,2026-01-01T00:49:00,29.758,3.6645,0.0687,3.4917,4.1017,-1.7908,0.1379,-1.7382,24.2704,1.6519,0.8544,0.02648,1.80231
CALCE_004,50,2026-01-01T00:50:00,24.14,3.6911,0.0589,3.4934,4.1594,-1.7307,0.111,-1.6721,23.4271,1.3739,0.8862,0.02418,1.79175
CALCE_004,51,2026-01-01T00:51:00,25.67,3.6731,0.0546,3.4687,4.1059,-1.7699,0.1191,-1.6998,25.4188,1.5848,0.5366,0.02778,1.75133
CALCE_004,52,2026-01-01T00:52:00,21.375,3.6693,0.0506,3.4765,4.0715,-1.8368,0.1165,-1.6758,26.953,1.6031,0.2595,0.02891,1.76119
CALCE_004,53,2026-01-01T00:53:00,28.671,3.699,0.0565,3.4458,4.0947,-1.8152,0.1017,-1.6765,24.5215,1.4252,0.7504,0.02614,1.78723
CALCE_004,54,2026-01-01T00:54:00,25.252,3.7376,0.0657,3.4521,4.1152,-1.7477,0.1017,-1.6504,25.0748,1.4582,0.8617,0.02337,1.76012
CALCE_004,55,2026-01-01T00:55:00,26.306,3.6549,0.0558,3.4398,4.1005,-1.7476,0.1185,-1.7078,25.4525,1.3218,0.6653,0.01713,1.75187
CALCE_004,56,2026-01-01T00:56:00,24.517,3.7223,0.0523,3.4779,4.1638,-1.7686,0.1054,-1.7086,24.8035,1.3716,0.7313,0.02569,1.76711
CALCE_004,57,2026-01-01T00:57:00,24.547,3.675,0.0638,3.4907,4.1496,-1.7651,0.1049,-1.7386,24.7976,1.4452,0.6714,0.02076,1.72585
CALCE_004,58,2026-01-01T00:58:00,25.117,3.745,0.0576,3.4381,4.1468,-1.734,0.1226,-1.684,23.6004,1.6475,0.361,0.02568,1.75763
CALCE_004,59,2026-01-01T00:59:00,23.095,3.7269,0.0589,3.4626,4.0818,-1.8589,0.1081,-1.6877,24.0124,1.4835,0.9699,0.02315,1.73178
CALCE_004,60,2026-01-01T00:00:00,28.827,3.6738,0.0618,3.4476,4.111,-1.8673,0.124,-1.7255,25.1894,1.5479,0.7018,0.02738,1.70339
CALCE_004,61,2026-01-01T00:01:00,21.483,3.7153,0.0507,3.4854,4.1367,-1.7459,0.1119,-1.658,23.1961,1.4668,0.3604,0.02508,1.70243
CALCE_004,62,2026-01-01T00:02:00,26.915,3.7095,0.0657,3.4177,4.1155,-1.7874,0.1373,-1.7407,24.1972,1.4474,0.541,0.01602,1.73262
CALCE_004,63,2026-01-01T00:03:00,25.505,3.6793,0.0527,3.4695,4.0974,-1.7957,0.121,-1.6804,25.4482,1.3437,0.8568,0.02443,1.71806
CALCE_004,64,2026-01-01T00:04:00,24.837,3.7189,0.0687,3.4986,4.0987,-1.7826,0.1127,-1.6975,26.9801,1.4415,0.3167,0.02344,1.74812
CALCE_004,65,2026-01-01T00:05:00,26.319,3.6993,0.0536,3.4609,4.1409,-1.7233,0.1001,-1.7476,25.5018,1.3472,0.9633,0.02699,1.71655
CALCE_004,66,2026-01-01T00:06:00,24.14,3.6834,0.0612,3.4638,4.0711,-1.8478,0.1113,-1.671,24.2311,1.5027,0.4915,0.01509,1.7418
CALCE_004,67,2026-01-01T00:07:00,23.414,3.7224,0.0623,3.4029,4.0876,-1.8271,0.1135,-1.6828,26.6647,1.6189,0.7811,0.02222,1.7195
CALCE_004,68,2026-01-01T00:08:00,28.921,3.7037,0.0567,3.4784,4.1114,-1.7612,0.1334,-1.7201,25.8999,1.4262,0.6823,0.01812,1.71248
CALCE_004,69,2026-01-01T00:09:00,27.995,3.7388,0.0571,3.497,4.098,-1.875,0.1393,-1.6873,26.3696,1.5284,0.5506,0.02393,1.71249
CALCE_004,70,2026-01-01T00:10:00,27.515,3.7205,0.0563,3.4032,4.1114,-1.8005,0.1095,-1.7048,26.8029,1.3865,0.4721,0.01668,1.71975
CALCE_004,71,2026-01-01T00:11:00,27.778,3.7413,0.0589,3.4025,4.1183,-1.8,0.1076,-1.6576,25.9298,1.5095,0.898,0.01715,1.71149
CALCE_004,72,2026-01-01T00:12:00,28.221,3.7438,0.0635,3.4133,4.1425,-1.8065,0.1285,-1.6978,23.0164,1.6729,0.8183,0.02391,1.71323
CALCE_004,73,2026-01-01T00:13:00,24.669,3.6546,0.0604,3.4659,4.1012,-1.7876,0.1125,-1.6608,24.2835,1.377,0.449,0.01979,1.66269
CALCE_004,74,2026-01-01T00:14:00,21.177,3.6649,0.0555,3.4015,4.1323,-1.7978,0.1083,-1.715,24.2739,1.3566,0.8339,0.01925,1.68047
CALCE_004,75,2026-01-01T00:15:00,20.712,3.7113,0.0568,3.4444,4.083,-1.8047,0.127,-1.7394,23.2152,1.4706,0.3611,0.02394,1.66525
CALCE_004,76,2026-01-01T00:16:00,28.362,3.7199,0.0623,3.4312,4.1517,-1.7659,0.1268,-1.6967,26.8947,1.6023,0.6191,0.01698,1.68268
CALCE_004,77,2026-01-01T00:17:00,29.197,3.6968,0.0591,3.4684,4.141,-1.8055,0.1093,-1.7276,26.4444,1.5468,1.0216,0.02088,1.69245
CALCE_004,78,2026-01-01T00:18:00,26.652,3.7289,0.0676,3.4453,4.073,-1.8039,0.1141,-1.7039,23.6832,1.6072,0.744,0.01691,1.68223
CALCE_004,79,2026-01-01T00:19:00,28.176,3.7297,0.0565,3.4649,4.1492,-1.7948,0.116,-1.7087,25.4835,1.5192,1.0765,0.02076,1.64301
CALCE_004,80,2026-01-01T00:20:00,28.139,3.7091,0.0657,3.4435,4.1487,-1.7929,0.1094,-1.6837,23.3116,1.6723,0.7168,0.0223,1.65386
CALCE_005,1,2026-01-01T00:01:00,28.22,3.6676,0.0691,3.407,4.0809,-1.7497,0.1309,-1.7121,24.9772,1.5641,0.2815,0.02726,2.07766
CALCE_005,2,2026-01-01T00:02:00,29.033,3.7136,0.05,3.4147,4.0849,-1.795,0.1156,-1.6922,23.7827,1.5726,0.4849,0.02355,2.0943
CALCE_005,3,2026-01-01T00:03:00,23.046,3.7443,0.0587,3.4983,4.1044,-1.8657,0.1003,-1.6514,24.6168,1.351,0.4648,0.02054,2.09257
CALCE_005,4,2026-01-01T00:04:00,20.531,3.7203,0.0664,3.4359,4.1561,-1.7415,0.1094,-1.6798,24.5771,1.4273,0.5445,0.02072,2.06744
CALCE_005,5,2026-01-01T00:05:00,26.625,3.6975,0.0538,3.4385,4.1624,-1.7456,0.1062,-1.6503,25.6803,1.3537,0.2646,0.01524,2.06394
CALCE_005,6,2026-01-01T00:06:00,24.867,3.6937,0.0698,3.4085,4.1342,-1.8135,0.1182,-1.6711,25.4177,1.4703,0.3618,0.02264,2.07124
CALCE_005,7,2026-01-01T00:07:00,24.5,3.6855,0.0537,3.4605,4.1278,-1.7445,0.1095,-1.6998,24.6434,1.5185,0.5303,0.02967,2.05782
CALCE_005,8,2026-01-01T00:08:00,27.049,3.6613,0.0596,3.469,4.0842,-1.763,0.1393,-1.6516,26.1155,1.486,0.2704,0.02835,2.05553
CALCE_005,9,2026-01-01T00:09:00,24.725,3.7242,0.0692,3.4078,4.1334,-1.7523,0.1125,-1.7447,24.3742,1.6114,0.622,0.02269,2.02349
CALCE_005,10,2026-01-01T00:10:00,27.338,3.6921,0.0692,3.4798,4.0989,-1.8743,0.1369,-1.6751,25.9079,1.5255,0.2553,0.0221,2.04309
CALCE_005,11,2026-01-01T00:11:00,20.516,3.749,0.0662,3.4624,4.0987,-1.8668,0.1202,-1.6649,24.1114,1.353,0.4529,0.02787,2.02184
CALCE_005,12,2026-01-01T00:12:00,21.115,3.6675,0.0618,3.4151,4.1147,-1.7507,0.1105,-1.6799,24.9397,1.6197,0.9758,0.02014,2.00931
CALCE_005,13,2026-01-01T00:13:00,21.451,3.7434,0.0531,3.4496,4.1694,-1.7567,0.1095,-1.706,25.5503,1.3843,0.8609,0.02018,2.01029
CALCE_005,14,2026-01-01T00:14:00,27.555,3.6616,0.0534,3.4399,4.1001,-1.7606,0.1301,-1.6967,24.5192,1.5822,0.6271,0.01718,2.04053
CALCE_005,15,2026-01-01T00:15:00,20.119,3.7427,0.059,3.4678,4.1662,-1.7707,0.1016,-1.6582,25.5497,1.6825,0.5886,0.02877,2.05099
CALCE_005,16,2026-01-01T00:16:00,23.35,3.6767,0.052,3.4654,4.1091,-1.7563,0.13,-1.6766,25.3549,1.378,0.5037,0.02535,2.04706
CALCE_005,17,2026-01-01T00:17:00,25.476,3.7173,0.0666,3.4012,4.0798,-1.8634,0.1178,-1.7281,24.1332,1.3772,0.2213,0.01638,2.00314
CALCE_005,18,2026-01-01T00:18:00,26.566,3.7335,0.069,3.4638,4.1408,-1.8608,0.1343,-1.737,25.6256,1.66,0.7095,0.02951,2.04545
CALCE_005,19,2026-01-01T00:19:00,26.957,3.6753,0.0593,3.4936,4.1339,-1.7324,0.1111,-1.7073,26.6136,1.608,0.4911,0.01743,2.0397
CALCE_005,20,2026-01-01T00:20:00,27.771,3.6883,0.0567,3.406,4.1656,-1.8377,0.1176,-1.7008,26.7143,1.5441,0.3606,0.02238,1.98718
CALCE_005,21,2026-01-01T00:21:00,27.687,3.6718,0.0629,3.4913,4.1415,-1.8635,0.1029,-1.6929,24.0024,1.4784,1.0069,0.01723,1.98818
CALCE_005,22,2026-01-01T00:22:00,29.329,3.7165,0.0553,3.47,4.1605,-1.7881,0.1206,-1.656,24.9627,1.4744,0.9596,0.02671,2.01478
CALCE_005,23,2026-01-01T00:23:00,25.401,3.6503,0.0691,3.4818,4.1182,-1.7892,0.1374,-1.7141,25.7273,1.4602,0.769,0.02938,2.02031
CALCE_005,24,2026-01-01T00:24:00,25.346,3.7461,0.0516,3.446,4.1467,-1.7764,0.1071,-1.7461,24.5367,1.3764,0.8263,0.02845,1.97545
CALCE_005,25,2026-01-01T00:25:00,23.593,3.6585,0.0627,3.4735,4.084,-1.8491,0.1288,-1.6907,24.9569,1.3252,0.6865,0.01962,2.00467
CALCE_005,26,2026-01-01T00:26:00,28.343,3.6949,0.0699,3.4037,4.0756,-1.754,0.1017,-1.7382,26.2284,1.5669,0.6125,0.02517,1.9957
CALCE_005,27,2026-01-01T00:27:00,21.49,3.7079,0.0685,3.4037,4.0842,-1.7754,0.1188,-1.6582,23.1832,1.5805,0.3175,0.01758,2.01296
CALCE_005,28,2026-01-01T00:28:00,23.073,3.7294,0.0591,3.4171,4.1291,-1.7492,0.1043,-1.7003,26.1967,1.3882,0.924,0.02139,1.96035
CALCE_005,29,2026-01-01T00:29:00,29.822,3.7178,0.0565,3.4976,4.1276,-1.858,0.1335,-1.6707,26.0569,1.5372,0.502,0.01681,2.00289
CALCE_005,30,2026-01-01T00:30:00,24.152,3.7196,0.0611,3.4439,4.1626,-1.8735,0.104,-1.6653,25.4498,1.6111,0.2141,0.0223,1.95953
CALCE_005,31,2026-01-01T00:31:00,21.794,3.6589,0.063,3.4887,4.1116,-1.7508,0.1309,-1.6808,23.8246,1.5559,0.6708,0.02118,1.94829
CALCE_005,32,2026-01-01T00:32:00,26.105,3.6538,0.0536,3.45,4.165,-1.7796,0.1313,-1.7152,23.0183,1.3943,0.3058,0.02295,2.00106
CALCE_005,33,2026-01-01T00:33:00,23.619,3.7261,0.0608,3.4219,4.147,-1.7745,0.1111,-1.7306,26.1865,1.5741,1.0717,0.02212,1.94739
CALCE_005,34,2026-01-01T00:34:00,26.701,3.6543,0.0629,3.4285,4.1135,-1.8265,0.1322,-1.6742,23.1733,1.5962,1.0324,0.01764,1.9491
CALCE_005,35,2026-01-01T00:35:00,24.851,3.6616,0.0679,3.4721,4.1293,-1.8278,0.108,-1.6823,24.3027,1.6116,0.4935,0.01647,1.98253
CALCE_005,36,2026-01-01T00:36:00,28.699,3.6876,0.0544,3.4471,4.1184,-1.7375,0.1058,-1.6572,24.82,1.4549,0.3228,0.0258,1.97654
CALCE_005,37,2026-01-01T00:37:00,29.756,3.6702,0.0525,3.4692,4.076,-1.8582,0.1341,-1.7041,23.6848,1.4374,0.9978,0.02405,1.96709
CALCE_005,38,2026-01-01T00:38:00,26.38,3.7112,0.0534,3.497,4.1555,-1.8662,0.1343,-1.7011,26.9827,1.5366,0.9533,0.01919,1.97343
CALCE_005,39,2026-01-01T00:39:00,27.362,3.6747,0.0565,3.4579,4.1592,-1.7853,0.106,-1.6926,23.0203,1.6921,0.2361,0.02206,1.96676
CALCE_005,40,2026-01-01T00:40:00,20.336,3.7031,0.0596,3.4798,4.1521,-1.8076,0.1096,-1.6942,23.0497,1.5927,1.0549,0.01699,1.96598
CALCE_005,41,2026-01-01T00:41:00,26.476,3.6591,0.0596,3.4305,4.1403,-1.7427,0.1299,-1.7476,24.8194,1.6087,0.9868,0.02108,1.93452
CALCE_005,42,2026-01-01T00:42:00,23.704,3.6964,0.0627,3.486,4.0771,-1.7371,0.1133,-1.7467,24.7036,1.4079,1.0515,0.02314,1.96108
CALCE_005,43,2026-01-01T00:43:00,27.877,3.6581,0.0676,3.4736,4.0755,-1.7287,0.127,-1.6612,23.4439,1.4462,0.7572,0.02048,1.95827
CALCE_005,44,2026-01-01T00:44:00,25.588,3.6567,0.0642,3.4205,4.1681,-1.8418,0.1045,-1.7022,26.7566,1.532,1.0632,0.01815,1.91804
CALCE_005,45,2026-01-01T00:45:00,22.254,3.6853,0.0553,3.468,4.0977,-1.8699,0.1138,-1.7014,25.1067,1.3491,0.8388,0.02517,1.94915
CALCE_005,46,2026-01-01T00:46:00,22.923,3.7121,0.066,3.4945,4.1509,-1.7295,0.1026,-1.6608,24.8315,1.3321,1.0082,0.01933,1.93336
CALCE_005,47,2026-01-01T00:47:00,21.094,3.6776,0.0639,3.4496,4.1575,-1.7967,0.1251,-1.7207,26.8783,1.5166,0.3188,0.0202,1.95572
CALCE_005,48,2026-01-01T00:48:00,26.447,3.6792,0.0513,3.4872,4.0932,-1.7284,0.1258,-1.7088,24.3712,1.5584,0.4937,0.0239,1.9219
CALCE_005,49,2026-01-01T00:49:00,28.419,3.6945,0.0561,3.4132,4.1489,-1.8525,0.1104,-1.7016,26.8829,1.6079,0.2426,0.0203,1.93402
CALCE_005,50,2026-01-01T00:50:00,21.664,3.7424,0.0642,3.4285,4.1673,-1.7457,0.1277,-1.6834,23.6139,1.3952,0.237,0.01975,1.91652
CALCE_005,51,2026-01-01T00:51:00,22.604,3.6684,0.0612,3.4035,4.1017,-1.825,0.1149,-1.696,23.6504,1.4206,1.0284,0.02107,1.89371
CALCE_005,52,2026-01-01T00:52:00,21.454,3.6958,0.0564,3.4004,4.1438,-1.7239,0.1133,-1.6795,24.8956,1.4159,1.0496,0.02971,1.91305
CALCE_005,53,2026-01-01T00:53:00,21.471,3.7065,0.0681,3.4442,4.1389,-1.7629,0.136,-1.7361,25.2038,1.4232,0.5615,0.02761,1.91447
CALCE_005,54,2026-01-01T00:54:00,20.925,3.6555,0.0628,3.4583,4.0922,-1.7303,0.1111,-1.7477,25.1536,1.4782,0.8044,0.01631,1.90378
CALCE_005,55,2026-01-01T00:55:00,21.945,3.6818,0.0621,3.4943,4.1608,-1.8222,0.1059,-1.6646,24.4785,1.4491,0.4562,0.02027,1.9047
CALCE_005,56,2026-01-01T00:56:00,28.743,3.6588,0.0646,3.4444,4.1693,-1.7514,0.1115,-1.6694,26.8814,1.4695,1.0068,0.01709,1.92963
CALCE_005,57,2026-01-01T00:57:00,20.861,3.6708,0.0595,3.4868,4.1687,-1.8694,0.1384,-1.6744,23.3538,1.4638,1.023,0.02122,1.90319
CALCE_005,58,2026-01-01T00:58:00,27.102,3.7255,0.0527,3.4186,4.1082,-1.7914,0.1017,-1.6674,26.3383,1.4216,0.7034,0.02195,1.8983
CALCE_005,59,2026-01-01T00:59:00,20.024,3.6763,0.0691,3.4834,4.1173,-1.7754,0.1357,-1.7083,24.9675,1.5751,0.4203,0.01679,1.86356
CALCE_005,60,2026-01-01T00:00:00,29.943,3.6567,0.0649,3.4581,4.1266,-1.7411,0.1251,-1.7024,25.777,1.3478,0.6613,0.02363,1.87558
CALCE_005,61,2026-01-01T00:01:00,21.628,3.6559,0.0564,3.4878,4.0835,-1.8539,0.1109,-1.708,26.6484,1.4424,0.4609,0.02294,1.90667
CALCE_005,62,2026-01-01T00:02:00,25.139,3.7266,0.0537,3.4095,4.1453,-1.793,0.1349,-1.6673,25.7399,1.4204,0.8169,0.02533,1.90914
CALCE_005,63,2026-01-01T00:03:00,25.8,3.7323,0.0503,3.4518,4.1073,-1.8024,0.1136,-1.6589,23.4097,1.3618,0.399,0.01783,1.85573
CALCE_005,64,2026-01-01T00:04:00,26.134,3.7331,0.0605,3.4532,4.1251,-1.759,0.1046,-1.704,23.3056,1.6275,1.0311,0.02219,1.90082
CALCE_005,65,2026-01-01T00:05:00,23.626,3.7317,0.0678,3.4598,4.1464,-1.8253,0.1284,-1.7471,26.2583,1.3889,0.9711,0.01714,1.86271
CALCE_005,66,2026-01-01T00:06:00,21.253,3.663,0.0516,3.4691,4.1484,-1.8676,0.131,-1.6743,23.1701,1.3431,0.9137,0.0227,1.85464
CALCE_005,67,2026-01-01T00:07:00,21.189,3.6753,0.0513,3.4668,4.1455,-1.7548,0.1368,-1.7295,26.6047,1.3739,0.5164,0.01636,1.84164
CALCE_005,68,2026-01-01T00:08:00,29.418,3.7449,0.057,3.4161,4.1201,-1.7634,0.1097,-1.693,23.3964,1.5313,0.2126,0.01825,1.88587
CALCE_005,69,2026-01-01T00:09:00,22.819,3.7402,0.0607,3.4974,4.0799,-1.8458,0.1202,-1.6792,24.4659,1.5358,0.5957,0.02937,1.84365
CALCE_005,70,2026-01-01T00:10:00,23.548,3.688,0.0543,3.4228,4.0813,-1.7225,0.1049,-1.739,23.5436,1.6049,0.8343,0.02336,1.84006
CALCE_005,71,2026-01-01T00:11:00,23.281,3.6616,0.0557,3.46,4.1012,-1.7238,0.1178,-1.6946,24.1624,1.6421,0.3699,0.01604,1.8287
CALCE_005,72,2026-01-01T00:12:00,24.757,3.7179,0.0536,3.4999,4.1192,-1.8632,0.1175,-1.6841,23.34,1.3573,0.5606,0.02386,1.87378
CALCE_005,73,2026-01-01T00:13:00,29.253,3.7478,0.0513,3.4975,4.1039,-1.7848,0.1396,-1.7377,26.3524,1.5901,0.4507,0.0257,1.82648
CALCE_005,74,2026-01-01T00:14:00,22.73,3.7289,0.0629,3.44,4.1176,-1.7835,0.1162,-1.7015,24.1156,1.6072,0.2972,0.01876,1.85236
CALCE_005,75,2026-01-01T00:15:00,26.284,3.6635,0.052,3.4053,4.0768,-1.7715,0.1389,-1.7117,25.7168,1.3611,0.7598,0.01645,1.84435
CALCE_005,76,2026-01-01T00:16:00,27.516,3.7268,0.0659,3.4202,4.1362,-1.8016,0.1105,-1.7156,26.4387,1.5186,1.0573,0.01547,1.81618
CALCE_005,77,2026-01-01T00:17:00,29.149,3.6884,0.0563,3.4376,4.116,-1.8747,0.1223,-1.664,24.2122,1.5824,0.6423,0.01702,1.83449
CALCE_005,78,2026-01-01T00:18:00,24.875,3.6609,0.0635,3.466,4.1385,-1.7884,0.119,-1.6646,25.0267,1.4566,0.6452,0.02956,1.8487
CALCE_005,79,2026-01-01T00:19:00,23.528,3.7478,0.0564,3.4028,4.0745,-1.7461,0.114,-1.6758,23.1076,1.6565,0.5071,0.01646,1.83986
CALCE_005,80,2026-01-01T00:20:00,23.574,3.6851,0.0632,3.4248,4.1348,-1.7852,0.1364,-1.7434,24.2196,1.435,0.2177,0.01989,1.82065
